{
  "daenny/climate_group": {
    "until": 1590664351.771498,
    "count": 0
  },
  "apop880/Night-Mode": {
    "until": 1590664537.412124,
    "count": 0
  },
  "timvancann/homeassistant-growatt": {
    "until": 1590664544.783085,
    "count": 0
  },
  "dimagoltsman/content-card-remote-control": {
    "until": 1590664572.653552,
    "count": 0
  }
}